,year,runtime,imdb_rating,tmdb_vote_count
year,542.7513665970589,,-0.8408556853448996,1844970.104933479
runtime,,,,
imdb_rating,-0.8408556853448996,,0.07589540540540785,44641.30048818913
tmdb_vote_count,1844970.104933479,,44641.30048818913,107172887281.14015
