,year,runtime,tmdb_id,imdb_rating,imdb_votes,tmdb_rating,tmdb_vote_count,popularity
year,275.92943820225184,28.909386733417417,4172360.6383542265,-3.9285283406330507,-748585.5125311665,-1.4950493929912159,-40221.87664793497,48.99598797559716
runtime,28.909386733417417,618.7934918648307,92147.86783479448,9.24402942103672,4711579.83448656,7.095071589486885,62153.81501877349,13.969888610763585
tmdb_id,4172360.6383542265,92147.86783479448,140929860768.7218,-74055.96627694878,-48205510716.251434,-9612.952006426447,-763700232.8720253,2097028.2973518244
imdb_rating,-3.9285283406330507,9.24402942103672,-74055.96627694878,0.9460011872102163,277511.9894576764,0.6852593176802872,11011.731735412546,-0.4961706294995081
imdb_votes,-748585.5125311665,4711579.83448656,-48205510716.251434,277511.9894576764,205873654675.6405,208018.47438678236,2945240203.0998645,4681.001046753097
tmdb_rating,-1.4950493929912159,7.095071589486885,-9612.952006426447,0.6852593176802872,208018.47438678236,0.5943248640738442,3018.1266333635863,0.09125773169278006
tmdb_vote_count,-40221.87664793497,62153.81501877349,-763700232.8720253,11011.731735412546,2945240203.0998645,3018.1266333635863,6868535226.172157,-4478.050750699332
popularity,48.99598797559716,13.969888610763585,2097028.2973518244,-0.4961706294995081,4681.001046753097,0.09125773169278006,-4478.050750699332,446.4747696735156
